time,flux,flux_err,tic_id,label
1354.1360307823536,0.9996618,5.1430947e-05,374908020,false_positive
1354.1568641341444,0.9997213,5.1430947e-05,374908020,false_positive
1354.1776974873164,0.9997549,5.1430947e-05,374908020,false_positive
1354.1985308418516,0.9997103,5.1430947e-05,374908020,false_positive
1354.2193641976899,0.9997421,5.1430947e-05,374908020,false_positive
1354.2401975548034,0.9997147,5.1430947e-05,374908020,false_positive
1354.2610309131646,0.999788,5.1430947e-05,374908020,false_positive
1354.2818642727157,0.99978095,5.1430947e-05,374908020,false_positive
1354.3026976334395,0.9999385,5.1430947e-05,374908020,false_positive
1354.3235309952804,0.99986964,5.1430947e-05,374908020,false_positive
1354.3443643582236,0.9999092,5.1430947e-05,374908020,false_positive
1354.3651977222132,0.9998497,5.1430947e-05,374908020,false_positive
1354.386031087236,0.9999656,5.1430947e-05,374908020,false_positive
1354.406864453239,0.9999544,5.1430947e-05,374908020,false_positive
1354.42769782021,0.99998033,5.1430947e-05,374908020,false_positive
1354.4485311880971,0.99994284,5.1430947e-05,374908020,false_positive
1354.4693645568902,1.0000464,5.1430947e-05,374908020,false_positive
1354.4901979265396,1.0000027,5.1430947e-05,374908020,false_positive
1354.5110312970362,0.99998593,5.1430947e-05,374908020,false_positive
1354.5318646683315,1.0000075,5.1430947e-05,374908020,false_positive
1354.5526980404093,1.0000246,5.1430947e-05,374908020,false_positive
1354.573531413252,1.0000648,5.1430947e-05,374908020,false_positive
1354.5943647868148,0.9999776,5.1430947e-05,374908020,false_positive
1354.6151981610917,1.0001256,5.1430947e-05,374908020,false_positive
1354.63603153604,1.0000701,5.1430947e-05,374908020,false_positive
1354.6568649116555,0.9999665,5.1430947e-05,374908020,false_positive
1354.6776982878955,0.9999308,5.1430947e-05,374908020,false_positive
1354.6985316647583,1.0000222,5.1430947e-05,374908020,false_positive
1354.719365042203,1.0000254,5.1430947e-05,374908020,false_positive
1354.7401984202286,1.0000747,5.1430947e-05,374908020,false_positive
1354.7610317987953,1.0000151,5.1430947e-05,374908020,false_positive
1354.7818651779037,1.0000316,5.1430947e-05,374908020,false_positive
1354.8026985575157,1.000004,5.1430947e-05,374908020,false_positive
1354.823531937623,0.9999964,5.1430947e-05,374908020,false_positive
1354.844365318218,0.9999816,5.1430947e-05,374908020,false_positive
1354.865198699264,0.9999831,5.1430947e-05,374908020,false_positive
1354.8860320807653,1.0000819,5.1430947e-05,374908020,false_positive
1354.9068654626851,0.9999325,5.1430947e-05,374908020,false_positive
1354.927698845029,1.0000207,5.1430947e-05,374908020,false_positive
1354.9485322277615,0.99996686,5.1430947e-05,374908020,false_positive
1354.969365610889,0.9999379,5.1430947e-05,374908020,false_positive
1354.9901989943774,1.0000161,5.1430947e-05,374908020,false_positive
1355.011032378233,1.0000095,5.1430947e-05,374908020,false_positive
1355.0318657624236,0.999998,5.1430947e-05,374908020,false_positive
1355.0526991469565,1.0000166,5.1430947e-05,374908020,false_positive
1355.0735325317992,1.0001668,5.1430947e-05,374908020,false_positive
1355.0943659169602,1.0001019,5.1430947e-05,374908020,false_positive
1355.1151993024084,1.0002354,5.1430947e-05,374908020,false_positive
1355.1360326881424,1.0001591,5.1430947e-05,374908020,false_positive
1355.156866074162,1.0001848,5.1430947e-05,374908020,false_positive
1355.177699460447,1.0001893,5.1430947e-05,374908020,false_positive
1355.1985328469768,1.0003246,5.1430947e-05,374908020,false_positive
1355.2193662337525,1.0003374,5.1430947e-05,374908020,false_positive
1355.240199620774,1.0003778,5.1430947e-05,374908020,false_positive
1355.2610330080133,1.0003865,5.1430947e-05,374908020,false_positive
1355.2818663954808,1.0004715,5.1430947e-05,374908020,false_positive
1355.3026997831485,1.0004611,5.1430947e-05,374908020,false_positive
1355.3235331710275,1.0005043,5.1430947e-05,374908020,false_positive
1355.3443665590905,1.0006498,5.1430947e-05,374908020,false_positive
1355.3651999473495,1.000624,5.1430947e-05,374908020,false_positive
1355.3860333357773,1.0006212,5.1430947e-05,374908020,false_positive
1355.4068667243864,1.0007318,5.1430947e-05,374908020,false_positive
1355.4277001131497,1.0008044,5.1430947e-05,374908020,false_positive
1355.4485335020806,1.0008789,5.1430947e-05,374908020,false_positive
1355.4693668911523,1.0009288,5.1430947e-05,374908020,false_positive
1355.4902002803683,1.0009766,5.1430947e-05,374908020,false_positive
1355.5110336697326,1.0009536,5.1430947e-05,374908020,false_positive
1355.5318670592192,1.0010659,5.1430947e-05,374908020,false_positive
1355.5527004488417,1.0011199,5.1430947e-05,374908020,false_positive
1355.5735338385753,1.001197,5.1430947e-05,374908020,false_positive
1355.5943672284336,1.0012203,5.1430947e-05,374908020,false_positive
1355.6152006183916,1.0012571,5.1430947e-05,374908020,false_positive
1355.6360340084643,1.0012728,5.1430947e-05,374908020,false_positive
1355.6568673986262,1.0012788,5.1430947e-05,374908020,false_positive
1355.677700788893,1.0014071,5.1430947e-05,374908020,false_positive
1355.698534179239,1.001412,5.1430947e-05,374908020,false_positive
1355.7193675696801,1.0014973,5.1430947e-05,374908020,false_positive
1355.7402009601922,1.0014331,5.1430947e-05,374908020,false_positive
1355.7610343507902,1.0015544,5.1430947e-05,374908020,false_positive
1355.78186774145,1.0016795,5.1430947e-05,374908020,false_positive
1355.8027011321876,1.0015633,5.1430947e-05,374908020,false_positive
1355.8235345229791,1.0015991,5.1430947e-05,374908020,false_positive
1355.84436791384,1.0016483,5.1430947e-05,374908020,false_positive
1355.8652013047472,1.0015812,5.1430947e-05,374908020,false_positive
1355.8860346957063,1.0016851,5.1430947e-05,374908020,false_positive
1355.9068680867242,1.0015326,5.1430947e-05,374908020,false_positive
1355.9277014777772,1.0015959,5.1430947e-05,374908020,false_positive
1355.948534868882,1.001504,5.1430947e-05,374908020,false_positive
1355.969368260015,1.0015075,5.1430947e-05,374908020,false_positive
1355.9902016511933,1.001478,5.1430947e-05,374908020,false_positive
1356.0110350423931,1.0014533,5.1430947e-05,374908020,false_positive
1356.031868433632,1.0014961,5.1430947e-05,374908020,false_positive
1356.0527018248865,1.0015107,5.1430947e-05,374908020,false_positive
1356.0735352161744,1.0014107,5.1430947e-05,374908020,false_positive
1356.0943686074718,1.001378,5.1430947e-05,374908020,false_positive
1356.1152019987971,1.0013676,5.1430947e-05,374908020,false_positive
1356.1360353901264,1.0012563,5.1430947e-05,374908020,false_positive
1356.156868781478,1.0012589,5.1430947e-05,374908020,false_positive
1356.1777021728285,1.00108,5.1430947e-05,374908020,false_positive
1356.1985355641962,1.000997,5.1430947e-05,374908020,false_positive
1356.219368955558,1.0009223,5.1430947e-05,374908020,false_positive
1356.240202346932,1.001166,5.1430947e-05,374908020,false_positive
1356.2610357382957,1.0010874,5.1430947e-05,374908020,false_positive
1356.2818691296668,1.0010182,5.1430947e-05,374908020,false_positive
1356.3027025210229,1.0009807,5.1430947e-05,374908020,false_positive
1356.3235359123819,1.0006174,5.1430947e-05,374908020,false_positive
1356.3443693037218,1.0009321,5.1430947e-05,374908020,false_positive
1356.365202695051,1.0007675,5.1430947e-05,374908020,false_positive
1356.3860360863764,1.0008168,5.1430947e-05,374908020,false_positive
1356.4068694776868,1.0008031,5.1430947e-05,374908020,false_positive
1356.42770286897,1.0007468,5.1430947e-05,374908020,false_positive
1356.4485362602443,1.0006478,5.1430947e-05,374908020,false_positive
1356.4693696514876,1.0005865,5.1430947e-05,374908020,false_positive
1356.4902030427083,1.0005713,5.1430947e-05,374908020,false_positive
1356.5110364339146,1.0005128,5.1430947e-05,374908020,false_positive
1356.5318698250853,1.0004152,5.1430947e-05,374908020,false_positive
1356.5527032162374,1.0003731,5.1430947e-05,374908020,false_positive
1356.5735366073507,1.0004215,5.1430947e-05,374908020,false_positive
1356.5943699984425,1.0003906,5.1430947e-05,374908020,false_positive
1356.6152033894919,1.0003086,5.1430947e-05,374908020,false_positive
1356.6568701714966,1.00019,5.1430947e-05,374908020,false_positive
1356.6777035624489,1.0000252,5.1430947e-05,374908020,false_positive
1356.698536953353,1.0001125,5.1430947e-05,374908020,false_positive
1356.7193703442265,1.0001013,5.1430947e-05,374908020,false_positive
1356.740203735049,1.000014,5.1430947e-05,374908020,false_positive
1356.7610371258386,0.9999318,5.1430947e-05,374908020,false_positive
1356.7818705165744,0.9998174,5.1430947e-05,374908020,false_positive
1356.8027039072745,0.9998096,5.1430947e-05,374908020,false_positive
1356.8235372979184,0.9997217,5.1430947e-05,374908020,false_positive
1356.8443706885241,0.9996489,5.1430947e-05,374908020,false_positive
1356.865204079071,0.99962157,5.1430947e-05,374908020,false_positive
1356.886037469577,0.99948806,5.1430947e-05,374908020,false_positive
1356.9068708600223,0.99953157,5.1430947e-05,374908020,false_positive
1356.9277042504248,0.99927056,5.1430947e-05,374908020,false_positive
1356.9485376407633,0.99932134,5.1430947e-05,374908020,false_positive
1356.969371031047,0.99948436,5.1430947e-05,374908020,false_positive
1356.990204421285,0.99933326,5.1430947e-05,374908020,false_positive
1357.0110378114557,0.99916583,5.1430947e-05,374908020,false_positive
1357.0318712015787,0.9991805,5.1430947e-05,374908020,false_positive
1357.0527045916424,0.99920744,5.1430947e-05,374908020,false_positive
1357.073537981636,0.9990052,5.1430947e-05,374908020,false_positive
1357.0943713715687,0.999047,5.1430947e-05,374908020,false_positive
1357.1152047614496,0.999037,5.1430947e-05,374908020,false_positive
1357.136038151257,0.99897915,5.1430947e-05,374908020,false_positive
1357.156871541011,0.998888,5.1430947e-05,374908020,false_positive
1357.17770493069,0.9988991,5.1430947e-05,374908020,false_positive
1357.198538320313,0.99879605,5.1430947e-05,374908020,false_positive
1357.2193717098594,0.99876964,5.1430947e-05,374908020,false_positive
1357.240205099349,0.9987507,5.1430947e-05,374908020,false_positive
1357.2610384887596,0.99870414,5.1430947e-05,374908020,false_positive
1357.2818718781111,0.9986912,5.1430947e-05,374908020,false_positive
1357.3027052673826,0.99843186,5.1430947e-05,374908020,false_positive
1357.3235386565934,0.998666,5.1430947e-05,374908020,false_positive
1357.3443720457226,0.9985389,5.1430947e-05,374908020,false_positive
1357.3652054347892,0.99843335,5.1430947e-05,374908020,false_positive
1357.386038823773,0.9984884,5.1430947e-05,374908020,false_positive
1357.4068722126926,0.9984203,5.1430947e-05,374908020,false_positive
1357.4277056015276,0.9983619,5.1430947e-05,374908020,false_positive
1357.4485389902973,0.99836725,5.1430947e-05,374908020,false_positive
1357.4693723789806,0.99836576,5.1430947e-05,374908020,false_positive
1357.490205767597,0.99827236,5.1430947e-05,374908020,false_positive
1357.511039156126,0.9982421,5.1430947e-05,374908020,false_positive
1357.5318725445868,0.998258,5.1430947e-05,374908020,false_positive
1357.5527059329584,0.99792796,5.1430947e-05,374908020,false_positive
1357.5735393212608,0.9982229,5.1430947e-05,374908020,false_positive
1357.5943727094725,0.9981862,5.1430947e-05,374908020,false_positive
1357.6152060976135,0.9981893,5.1430947e-05,374908020,false_positive
1357.6360394856629,0.99821144,5.1430947e-05,374908020,false_positive
1357.65687287364,0.99814963,5.1430947e-05,374908020,false_positive
1357.6777062615245,0.9980947,5.1430947e-05,374908020,false_positive
1357.6985396493355,0.99817234,5.1430947e-05,374908020,false_positive
1357.7193730370523,0.99819314,5.1430947e-05,374908020,false_positive
1357.7402064246944,0.99816984,5.1430947e-05,374908020,false_positive
1357.7610398122415,0.99813193,5.1430947e-05,374908020,false_positive
1357.7818731997124,0.99807733,5.1430947e-05,374908020,false_positive
1357.8027065870872,0.9981398,5.1430947e-05,374908020,false_positive
1357.823539974385,0.99812704,5.1430947e-05,374908020,false_positive
1357.8443733615852,0.9981739,5.1430947e-05,374908020,false_positive
1357.8652067487076,0.9980686,5.1430947e-05,374908020,false_positive
1357.8860401357308,0.9982034,5.1430947e-05,374908020,false_positive
1357.9068735226751,0.99822015,5.1430947e-05,374908020,false_positive
1357.9277069095199,0.9981512,5.1430947e-05,374908020,false_positive
1357.9485402962841,0.99824566,5.1430947e-05,374908020,false_positive
1357.969373682948,0.998229,5.1430947e-05,374908020,false_positive
1357.9902070695202,0.99823976,5.1430947e-05,374908020,false_positive
1358.0110404560107,0.997921,5.1430947e-05,374908020,false_positive
1358.0318738423991,0.99821436,5.1430947e-05,374908020,false_positive
1358.0527072287045,0.9982365,5.1430947e-05,374908020,false_positive
1358.073540614907,0.9983209,5.1430947e-05,374908020,false_positive
1358.094374001025,0.9983221,5.1430947e-05,374908020,false_positive
1358.1152073870494,0.9984443,5.1430947e-05,374908020,false_positive
1358.1360407729687,0.9983415,5.1430947e-05,374908020,false_positive
1358.156874158803,0.99830455,5.1430947e-05,374908020,false_positive
1358.1777075445314,0.998355,5.1430947e-05,374908020,false_positive
1358.198540930164,0.998394,5.1430947e-05,374908020,false_positive
1358.2193743157097,0.99845356,5.1430947e-05,374908020,false_positive
1358.2402077011486,0.9984865,5.1430947e-05,374908020,false_positive
1358.2610410864997,0.9984082,5.1430947e-05,374908020,false_positive
1358.281874471753,0.9985308,5.1430947e-05,374908020,false_positive
1358.3027078568978,0.99855286,5.1430947e-05,374908020,false_positive
1358.323541241944,0.9984482,5.1430947e-05,374908020,false_positive
1358.344374626804,0.9986937,5.1430947e-05,374908020,false_positive
1358.3652080115648,0.9986735,5.1430947e-05,374908020,false_positive
1358.3860413963218,0.9987626,5.1430947e-05,374908020,false_positive
1358.4068747809788,0.9989235,5.1430947e-05,374908020,false_positive
1358.4277081655243,0.9989757,5.1430947e-05,374908020,false_positive
1358.4485415499691,0.99891824,5.1430947e-05,374908020,false_positive
1358.4693749343214,0.9990345,5.1430947e-05,374908020,false_positive
1358.4902083185618,0.999083,5.1430947e-05,374908020,false_positive
1358.5110417027097,0.99927384,5.1430947e-05,374908020,false_positive
1358.5318750867445,0.99926174,5.1430947e-05,374908020,false_positive
1358.5527084706857,0.9993132,5.1430947e-05,374908020,false_positive
1358.5735418545232,0.99938804,5.1430947e-05,374908020,false_positive
1358.5943752382464,0.9994465,5.1430947e-05,374908020,false_positive
1358.6152086218651,0.99945056,5.1430947e-05,374908020,false_positive
1358.6360420053888,0.99950624,5.1430947e-05,374908020,false_positive
1358.6568753887973,0.9995597,5.1430947e-05,374908020,false_positive
1358.6777087721096,0.9996092,5.1430947e-05,374908020,false_positive
1358.6985421553059,0.9996601,5.1430947e-05,374908020,false_positive
1358.7193755384055,0.99973273,5.1430947e-05,374908020,false_positive
1358.7402089213983,0.9996068,5.1430947e-05,374908020,false_positive
1358.7610423042738,0.9997388,5.1430947e-05,374908020,false_positive
1358.7818756870415,0.99969,5.1430947e-05,374908020,false_positive
1358.8027090697115,0.999601,5.1430947e-05,374908020,false_positive
1358.8235424522627,0.99980706,5.1430947e-05,374908020,false_positive
1358.844375834715,1.000036,5.1430947e-05,374908020,false_positive
1358.8652092170485,1.0000359,5.1430947e-05,374908020,false_positive
1358.8860425992818,0.9999696,5.1430947e-05,374908020,false_positive
1358.9068759813958,1.0000409,5.1430947e-05,374908020,false_positive
1358.9277093634093,1.0002136,5.1430947e-05,374908020,false_positive
1358.9485427453023,1.0001315,5.1430947e-05,374908020,false_positive
1358.969376127094,1.0002042,5.1430947e-05,374908020,false_positive
1358.9902095087646,1.0002588,5.1430947e-05,374908020,false_positive
1359.011042890333,1.0002296,5.1430947e-05,374908020,false_positive
1359.03187627178,1.0003005,5.1430947e-05,374908020,false_positive
1359.0527096531239,1.0003191,5.1430947e-05,374908020,false_positive
1359.0735430343452,1.0002755,5.1430947e-05,374908020,false_positive
1359.0943764154636,1.0002624,5.1430947e-05,374908020,false_positive
1359.1152097964682,1.0003357,5.1430947e-05,374908020,false_positive
1359.1568765581255,1.0005279,5.1430947e-05,374908020,false_positive
1359.1777099387773,1.0006005,5.1430947e-05,374908020,false_positive
1359.1985433193145,1.000573,5.1430947e-05,374908020,false_positive
1359.2193766997461,1.000583,5.1430947e-05,374908020,false_positive
1359.2402100800523,1.0005414,5.1430947e-05,374908020,false_positive
1359.2610434602523,1.0005671,5.1430947e-05,374908020,false_positive
1359.281876840336,1.000508,5.1430947e-05,374908020,false_positive
1359.302710220293,1.000631,5.1430947e-05,374908020,false_positive
1359.3235436001332,1.000645,5.1430947e-05,374908020,false_positive
1359.3443769798657,1.0005693,5.1430947e-05,374908020,false_positive
1359.3652103594704,1.0006092,5.1430947e-05,374908020,false_positive
1359.3860437389674,1.0005124,5.1430947e-05,374908020,false_positive
1359.4068771183458,1.0005302,5.1430947e-05,374908020,false_positive
1359.4277104975954,1.0005076,5.1430947e-05,374908020,false_positive
1359.4485438767358,1.0005679,5.1430947e-05,374908020,false_positive
1359.4693772557466,1.0005312,5.1430947e-05,374908020,false_positive
1359.490210634648,1.0005502,5.1430947e-05,374908020,false_positive
1359.511044013419,1.0005409,5.1430947e-05,374908020,false_positive
1359.5318773920797,1.0005245,5.1430947e-05,374908020,false_positive
1359.552710770609,1.0005332,5.1430947e-05,374908020,false_positive
1359.5735441490276,1.0004666,5.1430947e-05,374908020,false_positive
1359.5943775273142,1.0004262,5.1430947e-05,374908020,false_positive
1359.6152109054892,1.0004559,5.1430947e-05,374908020,false_positive
1359.636044283532,1.0004928,5.1430947e-05,374908020,false_positive
1359.6568776614622,1.0003736,5.1430947e-05,374908020,false_positive
1359.6777110392593,1.0003531,5.1430947e-05,374908020,false_positive
1359.6985444169432,1.0003989,5.1430947e-05,374908020,false_positive
1359.719377794493,1.0003844,5.1430947e-05,374908020,false_positive
1359.7402111719293,1.0002902,5.1430947e-05,374908020,false_positive
1359.7610445492312,1.0003363,5.1430947e-05,374908020,false_positive
1359.7818779264185,1.000303,5.1430947e-05,374908020,false_positive
1359.8027113034705,1.0003362,5.1430947e-05,374908020,false_positive
1359.8235446804072,1.0003096,5.1430947e-05,374908020,false_positive
1359.844378057208,1.0002481,5.1430947e-05,374908020,false_positive
1359.865211433893,1.0002213,5.1430947e-05,374908020,false_positive
1359.886044810441,1.0001856,5.1430947e-05,374908020,false_positive
1359.9068781868725,1.0002917,5.1430947e-05,374908020,false_positive
1359.9277115631671,1.000256,5.1430947e-05,374908020,false_positive
1359.948544939344,1.0003165,5.1430947e-05,374908020,false_positive
1359.9693783153828,1.0002589,5.1430947e-05,374908020,false_positive
1359.9902116913036,1.0003343,5.1430947e-05,374908020,false_positive
1360.0110450670854,1.0002134,5.1430947e-05,374908020,false_positive
1360.0318784427486,1.0002058,5.1430947e-05,374908020,false_positive
1360.0527118182722,1.00029,5.1430947e-05,374908020,false_positive
1360.0735451936766,1.0003548,5.1430947e-05,374908020,false_positive
1360.0943785689406,1.0003463,5.1430947e-05,374908020,false_positive
1360.1152119440842,1.0003372,5.1430947e-05,374908020,false_positive
1360.1360453190869,1.0003685,5.1430947e-05,374908020,false_positive
1360.1568786939686,1.0003672,5.1430947e-05,374908020,false_positive
1360.1777120687186,1.0003605,5.1430947e-05,374908020,false_positive
1360.198545443327,1.0004783,5.1430947e-05,374908020,false_positive
1360.219378817813,1.0004358,5.1430947e-05,374908020,false_positive
1360.2402121921568,1.0005201,5.1430947e-05,374908020,false_positive
1360.261045566367,1.0005019,5.1430947e-05,374908020,false_positive
1360.2818789404541,1.000499,5.1430947e-05,374908020,false_positive
1360.3027123143977,1.0005537,5.1430947e-05,374908020,false_positive
1360.3235456882167,1.0006248,5.1430947e-05,374908020,false_positive
1360.3443790619015,1.0006294,5.1430947e-05,374908020,false_positive
1360.3652124354414,1.0005898,5.1430947e-05,374908020,false_positive
1360.3860458088557,1.0006735,5.1430947e-05,374908020,false_positive
1360.4068791821248,1.0007656,5.1430947e-05,374908020,false_positive
1360.4277125552676,1.0007819,5.1430947e-05,374908020,false_positive
1360.4485459282641,1.0007921,5.1430947e-05,374908020,false_positive
1360.4693793011338,1.0008358,5.1430947e-05,374908020,false_positive
1360.4902126738564,1.0008761,5.1430947e-05,374908020,false_positive
1360.5110460464512,1.0009114,5.1430947e-05,374908020,false_positive
1360.5318794188984,1.0009459,5.1430947e-05,374908020,false_positive
1360.552712791217,1.0009375,5.1430947e-05,374908020,false_positive
1360.5735461633867,1.0008997,5.1430947e-05,374908020,false_positive
1360.5943795354272,1.0009941,5.1430947e-05,374908020,false_positive
1360.6152129073184,1.0009396,5.1430947e-05,374908020,false_positive
1360.6360462790797,1.0009674,5.1430947e-05,374908020,false_positive
1360.6568796506906,1.0009776,5.1430947e-05,374908020,false_positive
1360.67771302217,1.0009582,5.1430947e-05,374908020,false_positive
1360.6985463934993,1.0010521,5.1430947e-05,374908020,false_positive
1360.7193797646964,1.0009778,5.1430947e-05,374908020,false_positive
1360.7402131357417,1.0008647,5.1430947e-05,374908020,false_positive
1360.7610465066543,1.000944,5.1430947e-05,374908020,false_positive
1360.7818798774144,1.0009984,5.1430947e-05,374908020,false_positive
1360.8027132480413,1.0009906,5.1430947e-05,374908020,false_positive
1360.8235466185242,1.0009319,5.1430947e-05,374908020,false_positive
1360.8443799888532,1.0010498,5.1430947e-05,374908020,false_positive
1360.8652133590479,1.0009068,5.1430947e-05,374908020,false_positive
1360.8860467290872,1.0009257,5.1430947e-05,374908020,false_positive
1360.9068800989915,1.0009259,5.1430947e-05,374908020,false_positive
1360.9277134687397,1.000991,5.1430947e-05,374908020,false_positive
1360.9485468383518,1.0009527,5.1430947e-05,374908020,false_positive
1360.969380207807,1.0009909,5.1430947e-05,374908020,false_positive
1360.9902135771256,1.0009774,5.1430947e-05,374908020,false_positive
1361.0110469462861,1.0009083,5.1430947e-05,374908020,false_positive
1361.0318803153089,1.0009624,5.1430947e-05,374908020,false_positive
1361.052713684173,1.0008807,5.1430947e-05,374908020,false_positive
1361.0735470528984,1.0008266,5.1430947e-05,374908020,false_positive
1361.0943804214646,1.0007418,5.1430947e-05,374908020,false_positive
1361.1152137898905,1.0007215,5.1430947e-05,374908020,false_positive
1361.1360471581565,1.0007429,5.1430947e-05,374908020,false_positive
1361.1568805262818,0.9985462,5.1430947e-05,374908020,false_positive
1361.1777138942455,1.0005288,5.1430947e-05,374908020,false_positive
1361.198547262068,1.0008686,5.1430947e-05,374908020,false_positive
1361.2193806297382,1.0007845,5.1430947e-05,374908020,false_positive
1361.2402139972455,1.0007235,5.1430947e-05,374908020,false_positive
1361.2610473645998,1.0006825,5.1430947e-05,374908020,false_positive
1361.281880731811,1.0005969,5.1430947e-05,374908020,false_positive
1361.3027140988577,1.0006322,5.1430947e-05,374908020,false_positive
1361.3235474657602,1.0006454,5.1430947e-05,374908020,false_positive
1361.3443808325073,1.0006368,5.1430947e-05,374908020,false_positive
1361.3652141990892,1.0004654,5.1430947e-05,374908020,false_positive
1361.386047565525,1.0005912,5.1430947e-05,374908020,false_positive
1361.406880931794,1.0004892,5.1430947e-05,374908020,false_positive
1361.427714297907,1.0003743,5.1430947e-05,374908020,false_positive
1361.4485476638529,1.0003226,5.1430947e-05,374908020,false_positive
1361.4693810296596,1.0002748,5.1430947e-05,374908020,false_positive
1361.4902143952975,1.0002494,5.1430947e-05,374908020,false_positive
1361.5110477607864,1.0002545,5.1430947e-05,374908020,false_positive
1361.5318811261056,1.000073,5.1430947e-05,374908020,false_positive
1361.552714491275,1.0000125,5.1430947e-05,374908020,false_positive
1361.5735478562738,0.99997026,5.1430947e-05,374908020,false_positive
1361.5943812211215,1.0000304,5.1430947e-05,374908020,false_positive
1361.615214585797,0.9998882,5.1430947e-05,374908020,false_positive
1361.6568813146716,1.000061,5.1430947e-05,374908020,false_positive
1361.6777146788693,0.9999549,5.1430947e-05,374908020,false_positive
1361.698548042903,0.99988574,5.1430947e-05,374908020,false_positive
1361.7193814067623,0.99984705,5.1430947e-05,374908020,false_positive
1361.7402147704665,0.9997839,5.1430947e-05,374908020,false_positive
1361.7610481339955,0.9996573,5.1430947e-05,374908020,false_positive
1361.7818814973682,0.999685,5.1430947e-05,374908020,false_positive
1361.8027148605643,0.99954563,5.1430947e-05,374908020,false_positive
1361.8235482236032,0.999452,5.1430947e-05,374908020,false_positive
1361.8443815864641,0.9993976,5.1430947e-05,374908020,false_positive
1361.8652149491668,0.9993958,5.1430947e-05,374908020,false_positive
1361.8860483116907,0.9993235,5.1430947e-05,374908020,false_positive
1361.9068816740548,0.9992144,5.1430947e-05,374908020,false_positive
1361.9277150362389,0.9991909,5.1430947e-05,374908020,false_positive
1361.948548398262,0.999037,5.1430947e-05,374908020,false_positive
1361.969381760104,0.9990057,5.1430947e-05,374908020,false_positive
1361.9902151217839,0.9988908,5.1430947e-05,374908020,false_positive
1362.0110484832812,0.9987887,5.1430947e-05,374908020,false_positive
1362.0318818446153,0.9988069,5.1430947e-05,374908020,false_positive
1362.0527152057757,0.99873525,5.1430947e-05,374908020,false_positive
1362.0735485667515,0.9986517,5.1430947e-05,374908020,false_positive
1362.0943819275622,0.9985902,5.1430947e-05,374908020,false_positive
1362.1152152881873,0.9985933,5.1430947e-05,374908020,false_positive
1362.1360486486458,0.99846613,5.1430947e-05,374908020,false_positive
1362.1568820089174,0.9984145,5.1430947e-05,374908020,false_positive
1362.1777153690216,0.99834883,5.1430947e-05,374908020,false_positive
1362.1985487289373,0.9981918,5.1430947e-05,374908020,false_positive
1362.219382088684,0.99822485,5.1430947e-05,374908020,false_positive
1362.2402154482409,0.9981348,5.1430947e-05,374908020,false_positive
1362.261048807628,0.9981282,5.1430947e-05,374908020,false_positive
1362.2818821668334,0.99803084,5.1430947e-05,374908020,false_positive
1362.3027155258474,0.99791384,5.1430947e-05,374908020,false_positive
1362.323548884689,0.9979474,5.1430947e-05,374908020,false_positive
1362.3443822433378,0.99776447,5.1430947e-05,374908020,false_positive
1362.3652156018022,0.9977807,5.1430947e-05,374908020,false_positive
1362.3860489600927,0.9976909,5.1430947e-05,374908020,false_positive
1362.4068823181976,0.99752474,5.1430947e-05,374908020,false_positive
1362.4277156761068,0.99761,5.1430947e-05,374908020,false_positive
1362.4485490338395,0.9975201,5.1430947e-05,374908020,false_positive
1362.4693823913747,0.997441,5.1430947e-05,374908020,false_positive
1362.4902157487315,0.9974132,5.1430947e-05,374908020,false_positive
1362.5110491058897,0.9973474,5.1430947e-05,374908020,false_positive
1362.5318824628682,0.9972862,5.1430947e-05,374908020,false_positive
1362.5527158196467,0.99722105,5.1430947e-05,374908020,false_positive
1362.5735491762434,0.9972543,5.1430947e-05,374908020,false_positive
1362.5943825326385,0.99708676,5.1430947e-05,374908020,false_positive
1362.615215888851,0.99713534,5.1430947e-05,374908020,false_positive
1362.63604924487,0.99705017,5.1430947e-05,374908020,false_positive
1362.6568826006849,0.99705637,5.1430947e-05,374908020,false_positive
1362.6777159563146,0.9969107,5.1430947e-05,374908020,false_positive
1362.6985493117384,0.99705493,5.1430947e-05,374908020,false_positive
1362.7193826669757,0.9970081,5.1430947e-05,374908020,false_positive
1362.7402160220054,0.9969572,5.1430947e-05,374908020,false_positive
1362.7610493768468,0.9970149,5.1430947e-05,374908020,false_positive
1362.781882731479,0.9969759,5.1430947e-05,374908020,false_positive
1362.8027160859215,0.99704576,5.1430947e-05,374908020,false_positive
1362.8235494401529,0.99703115,5.1430947e-05,374908020,false_positive
1362.8443827941928,0.99700266,5.1430947e-05,374908020,false_positive
1362.86521614802,0.9969748,5.1430947e-05,374908020,false_positive
1362.8860495016543,0.9970761,5.1430947e-05,374908020,false_positive
1362.9068828550737,0.99668205,5.1430947e-05,374908020,false_positive
1362.9277162082979,0.9971221,5.1430947e-05,374908020,false_positive
1362.9485495613167,0.99711126,5.1430947e-05,374908020,false_positive
1362.969382914118,0.997126,5.1430947e-05,374908020,false_positive
1362.9902162667215,0.997289,5.1430947e-05,374908020,false_positive
1363.0110496191062,0.99720657,5.1430947e-05,374908020,false_positive
1363.0318829712915,0.99723226,5.1430947e-05,374908020,false_positive
1363.052716323256,0.9972248,5.1430947e-05,374908020,false_positive
1363.0735496750185,0.99733454,5.1430947e-05,374908020,false_positive
1363.094383026559,0.99733233,5.1430947e-05,374908020,false_positive
1363.1152163778956,0.9974101,5.1430947e-05,374908020,false_positive
1363.1360497290077,0.99750537,5.1430947e-05,374908020,false_positive
1363.1568830799147,0.9975827,5.1430947e-05,374908020,false_positive
1363.177716430605,0.99753773,5.1430947e-05,374908020,false_positive
1363.1985497810679,0.9976623,5.1430947e-05,374908020,false_positive
1363.2193831313225,0.9977407,5.1430947e-05,374908020,false_positive
1363.2402164813477,0.9976938,5.1430947e-05,374908020,false_positive
1363.261049831162,0.9977997,5.1430947e-05,374908020,false_positive
1363.2818831807451,0.9978685,5.1430947e-05,374908020,false_positive
1363.3027165301153,0.99786115,5.1430947e-05,374908020,false_positive
1363.3235498792621,0.99800617,5.1430947e-05,374908020,false_positive
1363.3443832281744,0.99802685,5.1430947e-05,374908020,false_positive
1363.3652165768606,0.9981553,5.1430947e-05,374908020,false_positive
1363.38604992533,0.9983126,5.1430947e-05,374908020,false_positive
1363.4068832735718,0.99833167,5.1430947e-05,374908020,false_positive
1363.427716621574,0.9982942,5.1430947e-05,374908020,false_positive
1363.4485499693565,0.9984754,5.1430947e-05,374908020,false_positive
1363.4693833168972,0.99845713,5.1430947e-05,374908020,false_positive
1363.490216664216,0.99862087,5.1430947e-05,374908020,false_positive
1363.5110500112908,0.99867564,5.1430947e-05,374908020,false_positive
1363.5318833581407,0.9987621,5.1430947e-05,374908020,false_positive
1363.552716704745,0.9988418,5.1430947e-05,374908020,false_positive
1363.573550051122,0.9989333,5.1430947e-05,374908020,false_positive
1363.5943833972508,0.99909216,5.1430947e-05,374908020,false_positive
1363.61521674315,0.9990233,5.1430947e-05,374908020,false_positive
1363.6360500888084,0.9990432,5.1430947e-05,374908020,false_positive
1363.6568834342152,0.99746764,5.1430947e-05,374908020,false_positive
1363.6777167793882,0.99926245,5.1430947e-05,374908020,false_positive
1363.698550124307,0.99930805,5.1430947e-05,374908020,false_positive
1363.7193834689897,0.9994178,5.1430947e-05,374908020,false_positive
1363.7402168134158,0.9992487,5.1430947e-05,374908020,false_positive
1363.7610501576032,0.9994313,5.1430947e-05,374908020,false_positive
1363.7818835015314,0.99940556,5.1430947e-05,374908020,false_positive
1363.802716845218,0.9995917,5.1430947e-05,374908020,false_positive
1363.8235501886427,0.99954,5.1430947e-05,374908020,false_positive
1363.8443835318235,0.9996032,5.1430947e-05,374908020,false_positive
1363.8652168747494,0.99969095,5.1430947e-05,374908020,false_positive
1363.8860502174089,0.99973875,5.1430947e-05,374908020,false_positive
1363.9068835598207,0.99972755,5.1430947e-05,374908020,false_positive
1363.9277169019629,0.99973047,5.1430947e-05,374908020,false_positive
1363.9485502438547,0.99972695,5.1430947e-05,374908020,false_positive
1363.9693835854746,0.9999037,5.1430947e-05,374908020,false_positive
1363.9902169268407,0.9998838,5.1430947e-05,374908020,false_positive
1364.0110502679318,0.9999233,5.1430947e-05,374908020,false_positive
1364.0318836087665,0.9999183,5.1430947e-05,374908020,false_positive
1364.0527169493334,0.99999404,5.1430947e-05,374908020,false_positive
1364.0735502896205,1.0000467,5.1430947e-05,374908020,false_positive
1364.0943836296467,0.99999905,5.1430947e-05,374908020,false_positive
1364.1152169693903,0.99998546,5.1430947e-05,374908020,false_positive
1364.1568836480633,1.0003041,5.1430947e-05,374908020,false_positive
1364.1777169869902,1.0002601,5.1430947e-05,374908020,false_positive
1364.1985503256276,1.0002757,5.1430947e-05,374908020,false_positive
1364.2193836639947,1.0002764,5.1430947e-05,374908020,false_positive
1364.2402170020694,1.0002574,5.1430947e-05,374908020,false_positive
1364.2610503398705,1.0002007,5.1430947e-05,374908020,false_positive
1364.2818836773858,1.0002757,5.1430947e-05,374908020,false_positive
1364.3027170146038,1.000206,5.1430947e-05,374908020,false_positive
1364.3235503515432,1.0001966,5.1430947e-05,374908020,false_positive
1364.3443836881818,1.0002086,5.1430947e-05,374908020,false_positive
1364.3652170245375,1.0002555,5.1430947e-05,374908020,false_positive
1364.3860503605995,1.000102,5.1430947e-05,374908020,false_positive
1364.4068836963552,1.0001698,5.1430947e-05,374908020,false_positive
1364.4277170318232,1.000104,5.1430947e-05,374908020,false_positive
1364.4485503669816,1.0001427,5.1430947e-05,374908020,false_positive
1364.4693837018483,1.0001717,5.1430947e-05,374908020,false_positive
1364.4902170364019,1.000083,5.1430947e-05,374908020,false_positive
1364.51105037066,1.0000573,5.1430947e-05,374908020,false_positive
1364.531883704601,0.99998426,5.1430947e-05,374908020,false_positive
1364.5527170382427,0.99999917,5.1430947e-05,374908020,false_positive
1364.5735503715634,0.99994844,5.1430947e-05,374908020,false_positive
1364.5943837045813,0.99997073,5.1430947e-05,374908020,false_positive
1364.6152170372739,0.99998605,5.1430947e-05,374908020,false_positive
1364.6360503696596,0.9998302,5.1430947e-05,374908020,false_positive
1364.656883701726,0.99986005,5.1430947e-05,374908020,false_positive
1364.6777170334612,0.99986607,5.1430947e-05,374908020,false_positive
1364.6985503648832,0.99978614,5.1430947e-05,374908020,false_positive
1364.7193836959702,0.999877,5.1430947e-05,374908020,false_positive
1364.7402170267392,0.9998427,5.1430947e-05,374908020,false_positive
1364.7610503571689,0.999732,5.1430947e-05,374908020,false_positive
1364.7818836872768,0.9997443,5.1430947e-05,374908020,false_positive
1364.8027170170506,0.9998948,5.1430947e-05,374908020,false_positive
1364.8235503464784,0.99996376,5.1430947e-05,374908020,false_positive
1364.8443836755775,1.0002457,5.1430947e-05,374908020,false_positive
1364.865217004326,1.0006464,5.1430947e-05,374908020,false_positive
1364.8860503327414,1.0002841,5.1430947e-05,374908020,false_positive
1364.9068836608017,1.0007576,5.1430947e-05,374908020,false_positive
1364.9277169885243,1.0006609,5.1430947e-05,374908020,false_positive
1364.9485503158633,1.0005907,5.1430947e-05,374908020,false_positive
1364.969383642862,1.0006905,5.1430947e-05,374908020,false_positive
1364.9902169695267,1.0008265,5.1430947e-05,374908020,false_positive
1365.011050295824,1.001036,5.1430947e-05,374908020,false_positive
1365.0318836217714,1.000734,5.1430947e-05,374908020,false_positive
1365.0527169473469,1.0006717,5.1430947e-05,374908020,false_positive
1365.0735502725674,1.0009177,5.1430947e-05,374908020,false_positive
1365.0943835974208,1.0010583,5.1430947e-05,374908020,false_positive
1365.1152169218944,1.0009646,5.1430947e-05,374908020,false_positive
1365.1360502459954,1.0008683,5.1430947e-05,374908020,false_positive
1365.1568835697317,1.0010375,5.1430947e-05,374908020,false_positive
1365.17771689308,1.0010703,5.1430947e-05,374908020,false_positive
1365.1985502160585,1.001102,5.1430947e-05,374908020,false_positive
1365.2193835386533,1.0009788,5.1430947e-05,374908020,false_positive
1365.2402168608528,1.0011288,5.1430947e-05,374908020,false_positive
1365.261050182674,1.0012132,5.1430947e-05,374908020,false_positive
1365.281883504094,1.0008321,5.1430947e-05,374908020,false_positive
1365.3027168251297,1.0007589,5.1430947e-05,374908020,false_positive
1365.3235501457689,1.0010443,5.1430947e-05,374908020,false_positive
1365.3443834659984,1.000668,5.1430947e-05,374908020,false_positive
1365.3652167858354,1.000739,5.1430947e-05,374908020,false_positive
1365.3860501052573,1.0007608,5.1430947e-05,374908020,false_positive
1365.4068834242807,1.0002775,5.1430947e-05,374908020,false_positive
1365.4277167428831,1.0003859,5.1430947e-05,374908020,false_positive
1365.4485500610815,1.0001056,5.1430947e-05,374908020,false_positive
1365.4693833788526,1.0000905,5.1430947e-05,374908020,false_positive
1365.490216696214,0.99993175,5.1430947e-05,374908020,false_positive
1365.511050013152,1.0003495,5.1430947e-05,374908020,false_positive
1365.5318833296544,1.0006928,5.1430947e-05,374908020,false_positive
1365.5527166457375,1.0004318,5.1430947e-05,374908020,false_positive
1365.5735499613784,1.000464,5.1430947e-05,374908020,false_positive
1365.594383276594,1.0009466,5.1430947e-05,374908020,false_positive
1365.6152165913716,1.0005325,5.1430947e-05,374908020,false_positive
1365.6360499056977,1.0013758,5.1430947e-05,374908020,false_positive
1365.6568832195894,1.0015433,5.1430947e-05,374908020,false_positive
1365.6777165330232,1.0012174,5.1430947e-05,374908020,false_positive
1365.698549846017,1.001464,5.1430947e-05,374908020,false_positive
1365.7193831585462,1.0014668,5.1430947e-05,374908020,false_positive
1365.7402164706284,1.0015408,5.1430947e-05,374908020,false_positive
1365.761049782241,1.0013303,5.1430947e-05,374908020,false_positive
1365.7818830934,1.000867,5.1430947e-05,374908020,false_positive
1365.8027164040927,0.99932635,5.1430947e-05,374908020,false_positive
1365.8235497143057,0.99746794,5.1430947e-05,374908020,false_positive
1365.8443830240565,0.9961213,5.1430947e-05,374908020,false_positive
1365.8652163333209,0.99463874,5.1430947e-05,374908020,false_positive
1365.8860496421166,0.9939444,5.1430947e-05,374908020,false_positive
1365.9068829504206,0.9953335,5.1430947e-05,374908020,false_positive
1365.9277162582493,0.9959962,5.1430947e-05,374908020,false_positive
1365.94854956558,0.9978917,5.1430947e-05,374908020,false_positive
1365.9693828724298,0.9997116,5.1430947e-05,374908020,false_positive
1365.9902161787852,1.0012616,5.1430947e-05,374908020,false_positive
1366.011049484634,1.0017123,5.1430947e-05,374908020,false_positive
1366.031882789993,1.0004277,5.1430947e-05,374908020,false_positive
1366.0527160948393,0.9998264,5.1430947e-05,374908020,false_positive
1366.0735493991897,1.0000982,5.1430947e-05,374908020,false_positive
1366.0943827030324,1.0007012,5.1430947e-05,374908020,false_positive
1366.1152160063539,1.0005004,5.1430947e-05,374908020,false_positive
1366.1360493091724,1.0006663,5.1430947e-05,374908020,false_positive
1366.1568826114647,1.000677,5.1430947e-05,374908020,false_positive
1366.1777159132491,1.0003607,5.1430947e-05,374908020,false_positive
1366.1985492145027,1.0002099,5.1430947e-05,374908020,false_positive
1366.2193825152438,1.000268,5.1430947e-05,374908020,false_positive
1366.2402158154498,1.0000817,5.1430947e-05,374908020,false_positive
1366.2610491151395,1.0001949,5.1430947e-05,374908020,false_positive
1366.2818824143008,1.0000577,5.1430947e-05,374908020,false_positive
1366.302715712922,1.0000718,5.1430947e-05,374908020,false_positive
1366.3235490110217,1.0000004,5.1430947e-05,374908020,false_positive
1366.344382308579,0.9998366,5.1430947e-05,374908020,false_positive
1366.3652156056128,1.0000741,5.1430947e-05,374908020,false_positive
1366.3860489021117,0.9998825,5.1430947e-05,374908020,false_positive
1366.406882198066,0.9998164,5.1430947e-05,374908020,false_positive
1366.4277154934948,0.99991107,5.1430947e-05,374908020,false_positive
1366.448548788378,0.9998478,5.1430947e-05,374908020,false_positive
1366.4693820827365,0.99983186,5.1430947e-05,374908020,false_positive
1366.4902153765606,0.9997347,5.1430947e-05,374908020,false_positive
1366.5110486698409,0.9998267,5.1430947e-05,374908020,false_positive
1366.5318819625986,0.99967223,5.1430947e-05,374908020,false_positive
1366.5527152548161,0.9994948,5.1430947e-05,374908020,false_positive
1366.5735485465152,0.9994748,5.1430947e-05,374908020,false_positive
1366.5943818376784,0.9995197,5.1430947e-05,374908020,false_positive
1366.6152151283286,0.99940956,5.1430947e-05,374908020,false_positive
1366.6568817080656,0.9995841,5.1430947e-05,374908020,false_positive
1366.6777149971713,0.9995496,5.1430947e-05,374908020,false_positive
1366.6985482857617,0.9994532,5.1430947e-05,374908020,false_positive
1366.7193815738628,0.99938196,5.1430947e-05,374908020,false_positive
1366.7402148614617,0.9993155,5.1430947e-05,374908020,false_positive
1366.7610481485854,0.9992777,5.1430947e-05,374908020,false_positive
1366.7818814352327,0.999165,5.1430947e-05,374908020,false_positive
1366.802714721402,0.99917597,5.1430947e-05,374908020,false_positive
1366.823548007124,0.9991255,5.1430947e-05,374908020,false_positive
1366.8443812923888,0.99902475,5.1430947e-05,374908020,false_positive
1366.8652145772287,0.99899775,5.1430947e-05,374908020,false_positive
1366.8860478616368,0.998925,5.1430947e-05,374908020,false_positive
1366.906881145647,0.9987421,5.1430947e-05,374908020,false_positive
1366.9277144292641,0.99879825,5.1430947e-05,374908020,false_positive
1366.9485477124952,0.9986544,5.1430947e-05,374908020,false_positive
1366.9693809953772,0.9986408,5.1430947e-05,374908020,false_positive
1366.9902142779097,0.9985617,5.1430947e-05,374908020,false_positive
1367.0110475601327,0.99843925,5.1430947e-05,374908020,false_positive
1367.031880842058,0.9983886,5.1430947e-05,374908020,false_positive
1367.052714123699,0.99813676,5.1430947e-05,374908020,false_positive
1367.0735474051005,0.9981012,5.1430947e-05,374908020,false_positive
1367.0943806862686,0.9979625,5.1430947e-05,374908020,false_positive
1367.1152139672517,0.9980272,5.1430947e-05,374908020,false_positive
1367.1360472480594,0.9978383,5.1430947e-05,374908020,false_positive
1368.6360456726352,0.9989479,5.1430947e-05,374908020,false_positive
1368.6568790319097,0.9990306,5.1430947e-05,374908020,false_positive
1368.6777123921809,0.9991034,5.1430947e-05,374908020,false_positive
1368.6985457534113,0.9991084,5.1430947e-05,374908020,false_positive
1368.7193791155642,0.9992841,5.1430947e-05,374908020,false_positive
1368.7402124786329,0.9992756,5.1430947e-05,374908020,false_positive
1368.7610458425722,0.99933267,5.1430947e-05,374908020,false_positive
1368.7818792073756,0.9993983,5.1430947e-05,374908020,false_positive
1368.8027125730096,0.9994587,5.1430947e-05,374908020,false_positive
1368.8235459394384,0.9994086,5.1430947e-05,374908020,false_positive
1368.844379306659,0.99951446,5.1430947e-05,374908020,false_positive
1368.8652126746283,0.9995775,5.1430947e-05,374908020,false_positive
1368.8860460433436,0.9996701,5.1430947e-05,374908020,false_positive
1368.9068794127722,0.99968874,5.1430947e-05,374908020,false_positive
1368.927712782883,0.9996344,5.1430947e-05,374908020,false_positive
1368.9485461536747,0.99973863,5.1430947e-05,374908020,false_positive
1368.969379525117,0.99982613,5.1430947e-05,374908020,false_positive
1368.9902128971796,0.9998467,5.1430947e-05,374908020,false_positive
1369.0110462698633,0.9998177,5.1430947e-05,374908020,false_positive
1369.0318796431297,0.9998832,5.1430947e-05,374908020,false_positive
1369.0527130169792,0.9999266,5.1430947e-05,374908020,false_positive
1369.073546391375,0.99996,5.1430947e-05,374908020,false_positive
1369.094379766319,0.9999803,5.1430947e-05,374908020,false_positive
1369.1152131417848,0.9999668,5.1430947e-05,374908020,false_positive
1369.1360465177452,1.0000646,5.1430947e-05,374908020,false_positive
1369.1568798942048,0.99999976,5.1430947e-05,374908020,false_positive
1369.1777132711281,1.0001208,5.1430947e-05,374908020,false_positive
1369.1985466485198,1.0001334,5.1430947e-05,374908020,false_positive
1369.219380026345,1.0000305,5.1430947e-05,374908020,false_positive
1369.2402134046101,1.0000267,5.1430947e-05,374908020,false_positive
1369.2610467832906,1.0000784,5.1430947e-05,374908020,false_positive
1369.2818801623632,1.0000793,5.1430947e-05,374908020,false_positive
1369.3027135418354,1.0001308,5.1430947e-05,374908020,false_positive
1369.3235469216836,1.0001897,5.1430947e-05,374908020,false_positive
1369.3443803018863,1.0000641,5.1430947e-05,374908020,false_positive
1369.3652136824512,1.0000921,5.1430947e-05,374908020,false_positive
1369.3860470633465,1.0001851,5.1430947e-05,374908020,false_positive
1369.4068804445812,1.0001078,5.1430947e-05,374908020,false_positive
1369.4277138261343,1.0001082,5.1430947e-05,374908020,false_positive
1369.4485472079853,1.0001101,5.1430947e-05,374908020,false_positive
1369.4693805901431,1.0000778,5.1430947e-05,374908020,false_positive
1369.4902139725787,1.0001833,5.1430947e-05,374908020,false_positive
1369.511047355302,1.0001495,5.1430947e-05,374908020,false_positive
1369.5318807382932,1.0001489,5.1430947e-05,374908020,false_positive
1369.5527141215334,1.0001508,5.1430947e-05,374908020,false_positive
1369.5735475050335,1.0001837,5.1430947e-05,374908020,false_positive
1369.5943808887753,1.000078,5.1430947e-05,374908020,false_positive
1369.6152142727396,1.0002178,5.1430947e-05,374908020,false_positive
1369.6360476569387,1.0000479,5.1430947e-05,374908020,false_positive
1369.6568810413444,1.0001295,5.1430947e-05,374908020,false_positive
1369.6777144259695,1.0001304,5.1430947e-05,374908020,false_positive
1369.6985478107856,1.000121,5.1430947e-05,374908020,false_positive
1369.7193811958061,1.0000323,5.1430947e-05,374908020,false_positive
1369.7402145810133,1.0001509,5.1430947e-05,374908020,false_positive
1369.761047966391,1.0001258,5.1430947e-05,374908020,false_positive
1369.7818813519518,1.0000753,5.1430947e-05,374908020,false_positive
1369.80271473768,1.0001256,5.1430947e-05,374908020,false_positive
1369.823548123558,1.0000226,5.1430947e-05,374908020,false_positive
1369.8443815096005,0.9999964,5.1430947e-05,374908020,false_positive
1369.8652148957815,1.0001,5.1430947e-05,374908020,false_positive
1369.8860482821149,1.0000083,5.1430947e-05,374908020,false_positive
1369.9068816685851,0.999985,5.1430947e-05,374908020,false_positive
1369.9277150551763,0.9999255,5.1430947e-05,374908020,false_positive
1369.9485484419035,0.9997816,5.1430947e-05,374908020,false_positive
1369.9693818287412,0.9999192,5.1430947e-05,374908020,false_positive
1369.9902152157044,0.9999137,5.1430947e-05,374908020,false_positive
1370.0110486027781,0.9999257,5.1430947e-05,374908020,false_positive
1370.0318819899476,0.9998804,5.1430947e-05,374908020,false_positive
1370.0527153772277,0.9998746,5.1430947e-05,374908020,false_positive
1370.0735487646045,0.9999226,5.1430947e-05,374908020,false_positive
1370.0943821520627,0.9999892,5.1430947e-05,374908020,false_positive
1370.1152155396187,0.99992055,5.1430947e-05,374908020,false_positive
1370.136048927248,0.9998957,5.1430947e-05,374908020,false_positive
1370.1568823149662,0.9999101,5.1430947e-05,374908020,false_positive
1370.1777157027595,0.99997663,5.1430947e-05,374908020,false_positive
1370.1985490906143,1.0001167,5.1430947e-05,374908020,false_positive
1370.2193824785459,0.99992687,5.1430947e-05,374908020,false_positive
1370.2402158665413,1.000025,5.1430947e-05,374908020,false_positive
1370.2610492545866,0.9999934,5.1430947e-05,374908020,false_positive
1370.2818826426983,0.99991137,5.1430947e-05,374908020,false_positive
1370.3027160308532,1.0000528,5.1430947e-05,374908020,false_positive
1370.3235494190671,0.9999813,5.1430947e-05,374908020,false_positive
1370.3443828073173,1.0000579,5.1430947e-05,374908020,false_positive
1370.365216195621,0.99993205,5.1430947e-05,374908020,false_positive
1370.3860495839644,0.9999404,5.1430947e-05,374908020,false_positive
1370.4068829723344,1.0002202,5.1430947e-05,374908020,false_positive
1370.4277163607483,1.0000691,5.1430947e-05,374908020,false_positive
1370.448549749193,1.0000291,5.1430947e-05,374908020,false_positive
1370.469383137656,1.0000205,5.1430947e-05,374908020,false_positive
1370.4902165261542,1.0000248,5.1430947e-05,374908020,false_positive
1370.511049914665,1.0000311,5.1430947e-05,374908020,false_positive
1370.5318833032052,1.0000259,5.1430947e-05,374908020,false_positive
1370.5527166917634,1.000119,5.1430947e-05,374908020,false_positive
1370.573550080326,1.0000962,5.1430947e-05,374908020,false_positive
1370.594383468911,0.9999349,5.1430947e-05,374908020,false_positive
1370.6152168574956,0.99998915,5.1430947e-05,374908020,false_positive
1370.6360502460982,1.000052,5.1430947e-05,374908020,false_positive
1370.6568836347058,0.99968743,5.1430947e-05,374908020,false_positive
1370.677717023306,0.99984777,5.1430947e-05,374908020,false_positive
1370.698550411917,0.9998885,5.1430947e-05,374908020,false_positive
1370.719383800527,1.0000119,5.1430947e-05,374908020,false_positive
1370.7402171891233,1.000056,5.1430947e-05,374908020,false_positive
1370.761050577724,1.0000298,5.1430947e-05,374908020,false_positive
1370.7818839663069,1.0000978,5.1430947e-05,374908020,false_positive
1370.8027173548905,1.0001317,5.1430947e-05,374908020,false_positive
1370.8235507434622,1.000046,5.1430947e-05,374908020,false_positive
1370.8443841320104,1.0001409,5.1430947e-05,374908020,false_positive
1370.8652175205539,1.0001332,5.1430947e-05,374908020,false_positive
1370.8860509090794,1.0001354,5.1430947e-05,374908020,false_positive
1370.9068842975769,1.0001856,5.1430947e-05,374908020,false_positive
1370.927717686063,1.0001172,5.1430947e-05,374908020,false_positive
1370.9485510745174,1.0000719,5.1430947e-05,374908020,false_positive
1370.9693844629574,1.0001746,5.1430947e-05,374908020,false_positive
1370.9902178513719,1.0001637,5.1430947e-05,374908020,false_positive
1371.0110512397491,1.0000417,5.1430947e-05,374908020,false_positive
1371.0318846281077,1.0001084,5.1430947e-05,374908020,false_positive
1371.0527180164258,1.0001274,5.1430947e-05,374908020,false_positive
1371.0735514047224,1.0001023,5.1430947e-05,374908020,false_positive
1371.094384792985,1.0002928,5.1430947e-05,374908020,false_positive
1371.15688495754,1.0003656,5.1430947e-05,374908020,false_positive
1371.1777183456554,1.000361,5.1430947e-05,374908020,false_positive
1371.1985517337305,1.0004123,5.1430947e-05,374908020,false_positive
1371.2193851217542,1.0003824,5.1430947e-05,374908020,false_positive
1371.2402185097449,1.000364,5.1430947e-05,374908020,false_positive
1371.2610518976917,1.0002751,5.1430947e-05,374908020,false_positive
1371.2818852855826,1.0002137,5.1430947e-05,374908020,false_positive
1371.3027186734373,1.000196,5.1430947e-05,374908020,false_positive
1371.3235520612338,1.0002239,5.1430947e-05,374908020,false_positive
1371.3443854489917,1.0000393,5.1430947e-05,374908020,false_positive
1371.3652188366993,0.99996066,5.1430947e-05,374908020,false_positive
1371.386052224346,0.9999236,5.1430947e-05,374908020,false_positive
1371.40688561195,0.99984187,5.1430947e-05,374908020,false_positive
1371.4277189995005,0.9999054,5.1430947e-05,374908020,false_positive
1371.4485523869864,0.99979866,5.1430947e-05,374908020,false_positive
1371.4693857744269,0.99977314,5.1430947e-05,374908020,false_positive
1371.4902191618107,0.99968493,5.1430947e-05,374908020,false_positive
1371.5110525491268,0.99951583,5.1430947e-05,374908020,false_positive
1371.5318859363945,0.99954516,5.1430947e-05,374908020,false_positive
1371.5527193235926,0.9993869,5.1430947e-05,374908020,false_positive
1371.5735527107395,0.99942696,5.1430947e-05,374908020,false_positive
1371.5943860978255,0.99939,5.1430947e-05,374908020,false_positive
1371.6152194848385,0.9992238,5.1430947e-05,374908020,false_positive
1371.6360528717985,0.99911195,5.1430947e-05,374908020,false_positive
1371.6568862586942,0.99911445,5.1430947e-05,374908020,false_positive
1371.6777196455143,0.99901295,5.1430947e-05,374908020,false_positive
1371.6985530322786,0.9988923,5.1430947e-05,374908020,false_positive
1371.719386418976,0.99886525,5.1430947e-05,374908020,false_positive
1371.7402198055956,0.998748,5.1430947e-05,374908020,false_positive
1371.7610531921566,0.99877226,5.1430947e-05,374908020,false_positive
1371.781886578638,0.99859595,5.1430947e-05,374908020,false_positive
1371.8027199650592,0.9985516,5.1430947e-05,374908020,false_positive
1371.8235533514094,0.99857885,5.1430947e-05,374908020,false_positive
1371.8443867376775,0.9983287,5.1430947e-05,374908020,false_positive
1371.8652201238833,0.9982689,5.1430947e-05,374908020,false_positive
1371.8860535100155,0.99819505,5.1430947e-05,374908020,false_positive
1371.906886896064,0.9981074,5.1430947e-05,374908020,false_positive
1371.927720282047,0.9979934,5.1430947e-05,374908020,false_positive
1371.948553667955,0.99790525,5.1430947e-05,374908020,false_positive
1371.9693870537762,0.9977982,5.1430947e-05,374908020,false_positive
1371.9902204395307,0.9976519,5.1430947e-05,374908020,false_positive
1372.0110538251972,0.9975583,5.1430947e-05,374908020,false_positive
1372.0318872107953,0.99755186,5.1430947e-05,374908020,false_positive
1372.0527205963144,0.9973782,5.1430947e-05,374908020,false_positive
1372.0735539817435,0.9973074,5.1430947e-05,374908020,false_positive
1372.0943873671029,0.9971809,5.1430947e-05,374908020,false_positive
1372.1152207523803,0.9971295,5.1430947e-05,374908020,false_positive
1372.1360541375661,0.9971812,5.1430947e-05,374908020,false_positive
1372.1568875226797,0.9969448,5.1430947e-05,374908020,false_positive
1372.1777209077004,0.9968738,5.1430947e-05,374908020,false_positive
1372.198554292647,0.9968016,5.1430947e-05,374908020,false_positive
1372.2193876775098,0.996716,5.1430947e-05,374908020,false_positive
1372.2402210622774,0.9967465,5.1430947e-05,374908020,false_positive
1372.2610544469699,0.99660677,5.1430947e-05,374908020,false_positive
1372.281887831576,0.9964972,5.1430947e-05,374908020,false_positive
1372.3027212160534,0.99648315,5.1430947e-05,374908020,false_positive
1372.3235546004566,0.99638534,5.1430947e-05,374908020,false_positive
1372.3443879848012,0.99638057,5.1430947e-05,374908020,false_positive
1372.3652213690473,0.9962044,5.1430947e-05,374908020,false_positive
1372.3860547532145,0.99623746,5.1430947e-05,374908020,false_positive
1372.4068881372923,0.9961158,5.1430947e-05,374908020,false_positive
1372.4277215212699,0.9960609,5.1430947e-05,374908020,false_positive
1372.4485549051672,0.996174,5.1430947e-05,374908020,false_positive
1372.469388288963,0.99602574,5.1430947e-05,374908020,false_positive
1372.490221672677,0.9960219,5.1430947e-05,374908020,false_positive
1372.5110550562993,0.9960682,5.1430947e-05,374908020,false_positive
1372.5318884398189,0.9960841,5.1430947e-05,374908020,false_positive
1372.5527218232548,0.99602234,5.1430947e-05,374908020,false_positive
1372.5735552065873,0.9961139,5.1430947e-05,374908020,false_positive
1372.5943885898355,0.9960151,5.1430947e-05,374908020,false_positive
1372.615221972989,0.99615157,5.1430947e-05,374908020,false_positive
1372.6360553560376,0.9962292,5.1430947e-05,374908020,false_positive
1372.656888739,0.99619025,5.1430947e-05,374908020,false_positive
1372.6777221218663,0.9962396,5.1430947e-05,374908020,false_positive
1372.698555504626,0.9963238,5.1430947e-05,374908020,false_positive
1372.7193888872985,0.9963443,5.1430947e-05,374908020,false_positive
1372.7402222698734,0.9964337,5.1430947e-05,374908020,false_positive
1372.7610556523398,0.99643856,5.1430947e-05,374908020,false_positive
1372.781889034718,0.9964848,5.1430947e-05,374908020,false_positive
1372.8027224169973,0.9966765,5.1430947e-05,374908020,false_positive
1372.8235557991668,0.9966496,5.1430947e-05,374908020,false_positive
1372.844389181246,0.996892,5.1430947e-05,374908020,false_positive
1372.8652225632254,0.9968503,5.1430947e-05,374908020,false_positive
1372.8860559450936,0.99694204,5.1430947e-05,374908020,false_positive
1372.9068893268704,0.99692655,5.1430947e-05,374908020,false_positive
1372.9277227085356,0.9970415,5.1430947e-05,374908020,false_positive
1372.9485560901082,0.9971457,5.1430947e-05,374908020,false_positive
1372.9693894715786,0.9972087,5.1430947e-05,374908020,false_positive
1372.9902228529359,0.9973524,5.1430947e-05,374908020,false_positive
1373.0110562341993,0.9974396,5.1430947e-05,374908020,false_positive
1373.031889615349,0.9974886,5.1430947e-05,374908020,false_positive
1373.0527229964043,0.99765384,5.1430947e-05,374908020,false_positive
1373.0735563773546,0.9977116,5.1430947e-05,374908020,false_positive
1373.0943897581901,0.9977674,5.1430947e-05,374908020,false_positive
1373.1152231389294,0.997777,5.1430947e-05,374908020,false_positive
1373.136056519563,0.9979844,5.1430947e-05,374908020,false_positive
1373.1568899000802,0.9980725,5.1430947e-05,374908020,false_positive
1373.1777232805005,0.9978704,5.1430947e-05,374908020,false_positive
1373.198556660813,0.9982041,5.1430947e-05,374908020,false_positive
1373.2193900410082,0.9982857,5.1430947e-05,374908020,false_positive
1373.2402234211052,0.99844646,5.1430947e-05,374908020,false_positive
1373.2610568010834,0.99852306,5.1430947e-05,374908020,false_positive
1373.281890180963,0.99838763,5.1430947e-05,374908020,false_positive
1373.3027235607328,0.99866205,5.1430947e-05,374908020,false_positive
1373.3235569403935,0.9987991,5.1430947e-05,374908020,false_positive
1373.3443903199336,0.99874413,5.1430947e-05,374908020,false_positive
1373.3652236993732,0.9988109,5.1430947e-05,374908020,false_positive
1373.386057078702,0.99889827,5.1430947e-05,374908020,false_positive
1373.4068904579094,0.99920565,5.1430947e-05,374908020,false_positive
1373.4277238370148,0.99914473,5.1430947e-05,374908020,false_positive
1373.4485572160086,0.9993396,5.1430947e-05,374908020,false_positive
1373.4693905948793,0.99911296,5.1430947e-05,374908020,false_positive
1373.4902239736475,0.99946165,5.1430947e-05,374908020,false_positive
1373.5110573522923,0.9995402,5.1430947e-05,374908020,false_positive
1373.5318907308335,0.9996435,5.1430947e-05,374908020,false_positive
1373.5527241092605,0.9997365,5.1430947e-05,374908020,false_positive
1373.573557487563,0.9998021,5.1430947e-05,374908020,false_positive
1373.5943908657607,0.999789,5.1430947e-05,374908020,false_positive
1373.6568909996508,1.0001276,5.1430947e-05,374908020,false_positive
1373.6777243773854,1.0002257,5.1430947e-05,374908020,false_positive
1373.698557754993,1.000208,5.1430947e-05,374908020,false_positive
1373.7193911324935,1.0002971,5.1430947e-05,374908020,false_positive
1373.7402245098765,1.0003419,5.1430947e-05,374908020,false_positive
1373.7610578871318,1.0002965,5.1430947e-05,374908020,false_positive
1373.7818912642783,1.0003594,5.1430947e-05,374908020,false_positive
1373.8027246413067,1.0004172,5.1430947e-05,374908020,false_positive
1373.8235580182056,1.0004272,5.1430947e-05,374908020,false_positive
1373.8443913949952,1.0003557,5.1430947e-05,374908020,false_positive
1373.865224771655,1.0004702,5.1430947e-05,374908020,false_positive
1373.886058148205,1.0003836,5.1430947e-05,374908020,false_positive
1373.906891524634,1.0004091,5.1430947e-05,374908020,false_positive
1373.927724900932,1.000513,5.1430947e-05,374908020,false_positive
1373.948558277119,1.0004356,5.1430947e-05,374908020,false_positive
1373.9693916531837,1.000034,5.1430947e-05,374908020,false_positive
1373.9902250291168,1.0003592,5.1430947e-05,374908020,false_positive
1374.0110584049373,1.0005052,5.1430947e-05,374908020,false_positive
1374.031891780635,1.0003626,5.1430947e-05,374908020,false_positive
1374.0527251561996,1.0004699,5.1430947e-05,374908020,false_positive
1374.0735585316502,1.0005058,5.1430947e-05,374908020,false_positive
1374.094391906977,1.0004306,5.1430947e-05,374908020,false_positive
1374.1152252821696,1.0003978,5.1430947e-05,374908020,false_positive
1374.136058657247,1.0005075,5.1430947e-05,374908020,false_positive
1374.1568920322,1.0004218,5.1430947e-05,374908020,false_positive
1374.1777254070169,1.0003418,5.1430947e-05,374908020,false_positive
1374.198558781718,1.0003426,5.1430947e-05,374908020,false_positive
1374.219392156293,1.0003953,5.1430947e-05,374908020,false_positive
1374.240225530731,1.000424,5.1430947e-05,374908020,false_positive
1374.2610589050523,1.0004021,5.1430947e-05,374908020,false_positive
1374.281892279246,1.0003903,5.1430947e-05,374908020,false_positive
1374.302725653302,1.0003473,5.1430947e-05,374908020,false_positive
1374.3235590272398,1.0004019,5.1430947e-05,374908020,false_positive
1374.344392401049,1.0004284,5.1430947e-05,374908020,false_positive
1374.365225774719,1.0003333,5.1430947e-05,374908020,false_positive
1374.3860591482699,1.0003896,5.1430947e-05,374908020,false_positive
1374.4068925216807,1.0003194,5.1430947e-05,374908020,false_positive
1374.427725894972,1.000347,5.1430947e-05,374908020,false_positive
1374.4485592681317,1.0003182,5.1430947e-05,374908020,false_positive
1374.4693926411514,1.0002803,5.1430947e-05,374908020,false_positive
1374.4902260140493,1.0003253,5.1430947e-05,374908020,false_positive
1374.5110593868158,1.0003282,5.1430947e-05,374908020,false_positive
1374.5318927594399,1.0004195,5.1430947e-05,374908020,false_positive
1374.5527261319414,1.0003651,5.1430947e-05,374908020,false_positive
1374.5735595043104,1.0002912,5.1430947e-05,374908020,false_positive
1374.594392876536,1.0003514,5.1430947e-05,374908020,false_positive
1374.6152262486376,1.000368,5.1430947e-05,374908020,false_positive
1374.6360596206052,1.0002679,5.1430947e-05,374908020,false_positive
1374.6568929924283,1.0002414,5.1430947e-05,374908020,false_positive
1374.6777263641266,1.0002757,5.1430947e-05,374908020,false_positive
1374.6985597356893,1.000301,5.1430947e-05,374908020,false_positive
1374.7193931071063,1.0003088,5.1430947e-05,374908020,false_positive
1374.7402264783975,1.0002224,5.1430947e-05,374908020,false_positive
1374.7610598495517,1.0002391,5.1430947e-05,374908020,false_positive
1374.7818932205594,1.0002385,5.1430947e-05,374908020,false_positive
1374.8027265914395,1.0001597,5.1430947e-05,374908020,false_positive
1374.8235599621817,1.0002452,5.1430947e-05,374908020,false_positive
1374.8443933327756,1.0002204,5.1430947e-05,374908020,false_positive
1374.865226703241,1.0002756,5.1430947e-05,374908020,false_positive
1374.8860600735677,1.0001844,5.1430947e-05,374908020,false_positive
1374.9068934437444,1.0002285,5.1430947e-05,374908020,false_positive
1374.9277268137914,1.0002772,5.1430947e-05,374908020,false_positive
1374.948560183698,1.0002384,5.1430947e-05,374908020,false_positive
1374.9693935534542,1.0002227,5.1430947e-05,374908020,false_positive
1374.9902269230786,1.0002676,5.1430947e-05,374908020,false_positive
1375.011060292562,1.0003086,5.1430947e-05,374908020,false_positive
1375.0318936618928,1.0002168,5.1430947e-05,374908020,false_positive
1375.0527270310915,1.0002147,5.1430947e-05,374908020,false_positive
1375.073560400147,1.0002869,5.1430947e-05,374908020,false_positive
1375.0943937690492,1.0002201,5.1430947e-05,374908020,false_positive
1375.1152271378176,1.000287,5.1430947e-05,374908020,false_positive
1375.136060506442,1.000322,5.1430947e-05,374908020,false_positive
1375.1568938749112,1.0003288,5.1430947e-05,374908020,false_positive
1375.177727243246,1.0003244,5.1430947e-05,374908020,false_positive
1375.1985606114347,1.0003052,5.1430947e-05,374908020,false_positive
1375.2193939794674,1.0003023,5.1430947e-05,374908020,false_positive
1375.2402273473635,1.000263,5.1430947e-05,374908020,false_positive
1375.2610607151128,1.0002975,5.1430947e-05,374908020,false_positive
1375.2818940827046,1.0002768,5.1430947e-05,374908020,false_positive
1375.3027274501464,1.0002217,5.1430947e-05,374908020,false_positive
1375.3235608174418,1.0002979,5.1430947e-05,374908020,false_positive
1375.3443941845885,1.0002897,5.1430947e-05,374908020,false_positive
1375.3652275515958,1.0002717,5.1430947e-05,374908020,false_positive
1375.3860609184533,1.0003566,5.1430947e-05,374908020,false_positive
1375.4068942851504,1.0004016,5.1430947e-05,374908020,false_positive
1375.427727651707,1.0003256,5.1430947e-05,374908020,false_positive
1375.4485610181125,1.0002904,5.1430947e-05,374908020,false_positive
1375.4693943843558,1.0003865,5.1430947e-05,374908020,false_positive
1375.4902277504577,1.0002742,5.1430947e-05,374908020,false_positive
1375.5110611164066,1.000294,5.1430947e-05,374908020,false_positive
1375.5318944821922,1.000306,5.1430947e-05,374908020,false_positive
1375.5527278478344,1.0001612,5.1430947e-05,374908020,false_positive
1375.573561213322,1.0002614,5.1430947e-05,374908020,false_positive
1375.5943945786455,1.0002372,5.1430947e-05,374908020,false_positive
1375.6152279438231,1.000281,5.1430947e-05,374908020,false_positive
1375.636061308846,1.0003037,5.1430947e-05,374908020,false_positive
1375.6568946737018,1.0003442,5.1430947e-05,374908020,false_positive
1375.6777280384115,1.0002253,5.1430947e-05,374908020,false_positive
1375.6985614029536,1.0002964,5.1430947e-05,374908020,false_positive
1375.719394767348,1.0002658,5.1430947e-05,374908020,false_positive
1375.7402281315842,1.0003376,5.1430947e-05,374908020,false_positive
1375.7610614956618,1.000273,5.1430947e-05,374908020,false_positive
1375.78189485957,1.0002918,5.1430947e-05,374908020,false_positive
1375.8027282233284,1.00028,5.1430947e-05,374908020,false_positive
1375.823561586926,1.0001704,5.1430947e-05,374908020,false_positive
1375.844394950353,1.0003467,5.1430947e-05,374908020,false_positive
1375.8652283136284,0.9997272,5.1430947e-05,374908020,false_positive
1375.8860616767417,1.0002738,5.1430947e-05,374908020,false_positive
1375.906895039693,1.0002996,5.1430947e-05,374908020,false_positive
1375.9277284024704,1.0001891,5.1430947e-05,374908020,false_positive
1375.9485617650942,1.0003005,5.1430947e-05,374908020,false_positive
1375.9693951275437,1.0002245,5.1430947e-05,374908020,false_positive
1375.9902284898385,1.0003287,5.1430947e-05,374908020,false_positive
1376.011061851968,1.0001919,5.1430947e-05,374908020,false_positive
1376.0318952139214,1.0001644,5.1430947e-05,374908020,false_positive
1376.0527285757178,1.0000495,5.1430947e-05,374908020,false_positive
1376.0735619373477,1.0000851,5.1430947e-05,374908020,false_positive
1376.0943952987996,1.0001149,5.1430947e-05,374908020,false_positive
1376.1568953821625,1.0002347,5.1430947e-05,374908020,false_positive
1376.1777287429477,1.0002046,5.1430947e-05,374908020,false_positive
1376.1985621035612,1.0000833,5.1430947e-05,374908020,false_positive
1376.2193954639943,1.0000622,5.1430947e-05,374908020,false_positive
1376.2402288242647,1.0000168,5.1430947e-05,374908020,false_positive
1376.2610621843628,0.9998768,5.1430947e-05,374908020,false_positive
1376.2818955442774,0.99977297,5.1430947e-05,374908020,false_positive
1376.3027289040283,0.99981797,5.1430947e-05,374908020,false_positive
1376.3235622636046,0.9997387,5.1430947e-05,374908020,false_positive
1376.3443956230058,0.99971706,5.1430947e-05,374908020,false_positive
1376.3652289822207,0.99961877,5.1430947e-05,374908020,false_positive
1376.38606234127,0.9995019,5.1430947e-05,374908020,false_positive
1376.4068957001414,0.9993979,5.1430947e-05,374908020,false_positive
1376.4277290588252,0.9993787,5.1430947e-05,374908020,false_positive
1376.4485624173403,0.99933004,5.1430947e-05,374908020,false_positive
1376.4693957756765,0.9991888,5.1430947e-05,374908020,false_positive
1376.4902291338228,0.9990998,5.1430947e-05,374908020,false_positive
1376.5110624917986,0.9990528,5.1430947e-05,374908020,false_positive
1376.5318958495932,0.99896556,5.1430947e-05,374908020,false_positive
1376.5527292071959,0.99888855,5.1430947e-05,374908020,false_positive
1376.5735625646255,0.9987488,5.1430947e-05,374908020,false_positive
1376.5943959218723,0.99879915,5.1430947e-05,374908020,false_positive
1376.6152292789347,0.9986302,5.1430947e-05,374908020,false_positive
1376.6360626358025,0.99851733,5.1430947e-05,374908020,false_positive
1376.6568959924948,0.9983688,5.1430947e-05,374908020,false_positive
1376.677729348991,0.9983958,5.1430947e-05,374908020,false_positive
1376.69856270531,0.99834234,5.1430947e-05,374908020,false_positive
1376.7193960614416,0.9982523,5.1430947e-05,374908020,false_positive
1376.7402294173742,0.9982331,5.1430947e-05,374908020,false_positive
1376.7610627731283,0.99809086,5.1430947e-05,374908020,false_positive
1376.7818961286914,0.99804795,5.1430947e-05,374908020,false_positive
1376.8027294840547,0.99795735,5.1430947e-05,374908020,false_positive
1376.823562839236,0.99790066,5.1430947e-05,374908020,false_positive
1376.844396194225,0.9977404,5.1430947e-05,374908020,false_positive
1376.8652295490108,0.9976724,5.1430947e-05,374908020,false_positive
1376.886062903613,0.99761045,5.1430947e-05,374908020,false_positive
1376.9068962580202,0.997515,5.1430947e-05,374908020,false_positive
1376.927729612232,0.9975265,5.1430947e-05,374908020,false_positive
1376.9485629662374,0.9972334,5.1430947e-05,374908020,false_positive
1376.969396320056,0.9973655,5.1430947e-05,374908020,false_positive
1376.9902296736764,0.99716544,5.1430947e-05,374908020,false_positive
1377.0110630270876,0.997139,5.1430947e-05,374908020,false_positive
1377.0318963803095,0.9971709,5.1430947e-05,374908020,false_positive
1377.0527297333308,0.99648553,5.1430947e-05,374908020,false_positive
1377.073563086141,0.99692535,5.1430947e-05,374908020,false_positive
1377.0943964387582,0.99685365,5.1430947e-05,374908020,false_positive
1377.1152297911729,0.9967724,5.1430947e-05,374908020,false_positive
1377.1360631433731,0.99671906,5.1430947e-05,374908020,false_positive
1377.1568964953783,0.99670255,5.1430947e-05,374908020,false_positive
1377.1777298471782,0.99660224,5.1430947e-05,374908020,false_positive
1377.198563198761,0.9963052,5.1430947e-05,374908020,false_positive
1377.2193965501463,0.9965696,5.1430947e-05,374908020,false_positive
1377.2402299013227,0.9965473,5.1430947e-05,374908020,false_positive
1377.2610632522799,0.99650824,5.1430947e-05,374908020,false_positive
1377.2818966030368,0.99652827,5.1430947e-05,374908020,false_positive
1377.302729953582,0.99648196,5.1430947e-05,374908020,false_positive
1377.323563303915,0.9965297,5.1430947e-05,374908020,false_positive
1377.3443966540244,0.9964491,5.1430947e-05,374908020,false_positive
1377.3652300039296,0.9963923,5.1430947e-05,374908020,false_positive
1377.3860633536196,0.996312,5.1430947e-05,374908020,false_positive
1377.406896703093,0.99655885,5.1430947e-05,374908020,false_positive
1377.4277300523397,0.9964958,5.1430947e-05,374908020,false_positive
1377.4485634013772,0.9964125,5.1430947e-05,374908020,false_positive
1377.469396750196,0.99650687,5.1430947e-05,374908020,false_positive
1377.4902300987842,0.9964873,5.1430947e-05,374908020,false_positive
1377.511063447161,0.9965251,5.1430947e-05,374908020,false_positive
1377.5318967953153,0.99652416,5.1430947e-05,374908020,false_positive
1377.5527301432357,0.9966224,5.1430947e-05,374908020,false_positive
1377.5735634909422,0.99662334,5.1430947e-05,374908020,false_positive
1377.594396838422,0.9967275,5.1430947e-05,374908020,false_positive
1377.6152301856655,0.9967211,5.1430947e-05,374908020,false_positive
1377.6360635326912,0.9968183,5.1430947e-05,374908020,false_positive
1377.6568968794877,0.9969194,5.1430947e-05,374908020,false_positive
1377.6777302260439,0.9968323,5.1430947e-05,374908020,false_positive
1377.698563572379,0.9970136,5.1430947e-05,374908020,false_positive
1377.7193969184812,0.9969565,5.1430947e-05,374908020,false_positive
1377.7402302643404,0.9971612,5.1430947e-05,374908020,false_positive
1377.7610636099741,0.99723846,5.1430947e-05,374908020,false_positive
1377.7818969553723,0.99737686,5.1430947e-05,374908020,false_positive
1377.8027303005229,0.9973268,5.1430947e-05,374908020,false_positive
1377.823563645445,0.99741167,5.1430947e-05,374908020,false_positive
1377.844396990128,0.9975706,5.1430947e-05,374908020,false_positive
1377.8652303345696,0.99771094,5.1430947e-05,374908020,false_positive
1377.8860636787592,0.9975912,5.1430947e-05,374908020,false_positive
1377.9068970227156,0.9972472,5.1430947e-05,374908020,false_positive
1377.9277303664269,0.997838,5.1430947e-05,374908020,false_positive
1377.9485637098926,0.9978896,5.1430947e-05,374908020,false_positive
1377.9693970531007,0.99793327,5.1430947e-05,374908020,false_positive
1377.9902303960705,0.9978363,5.1430947e-05,374908020,false_positive
1378.0110637387902,0.9980557,5.1430947e-05,374908020,false_positive
1378.0318970812486,0.996693,5.1430947e-05,374908020,false_positive
1378.052730423465,0.9982955,5.1430947e-05,374908020,false_positive
1378.0735637654168,0.9983675,5.1430947e-05,374908020,false_positive
1378.0943971071233,0.99840003,5.1430947e-05,374908020,false_positive
1378.1152304485731,0.9984935,5.1430947e-05,374908020,false_positive
1378.1360637897646,0.99864054,5.1430947e-05,374908020,false_positive
1378.156897130687,0.9986662,5.1430947e-05,374908020,false_positive
1378.1777304713576,0.9987413,5.1430947e-05,374908020,false_positive
1378.1985638117662,0.99881166,5.1430947e-05,374908020,false_positive
1378.2193971519102,0.9989112,5.1430947e-05,374908020,false_positive
1378.2402304917794,0.99898463,5.1430947e-05,374908020,false_positive
1378.2610638313913,0.99897784,5.1430947e-05,374908020,false_positive
1378.2818971707347,0.99906266,5.1430947e-05,374908020,false_positive
1378.3027305097978,0.99914795,5.1430947e-05,374908020,false_positive
1378.3235638485996,0.99913174,5.1430947e-05,374908020,false_positive
1378.3443971871284,0.9992268,5.1430947e-05,374908020,false_positive
1378.365230525372,0.9993444,5.1430947e-05,374908020,false_positive
1378.3860638633491,0.9994384,5.1430947e-05,374908020,false_positive
1378.4068972010484,0.99949014,5.1430947e-05,374908020,false_positive
1378.4277305384578,0.9995468,5.1430947e-05,374908020,false_positive
1378.4485638755962,0.9995016,5.1430947e-05,374908020,false_positive
1378.4693972124512,0.9994346,5.1430947e-05,374908020,false_positive
1378.4902305490218,0.99964213,5.1430947e-05,374908020,false_positive
1378.5110638852962,0.99974,5.1430947e-05,374908020,false_positive
1378.5318972212917,0.9997749,5.1430947e-05,374908020,false_positive
1378.552730556998,0.9997062,5.1430947e-05,374908020,false_positive
1378.5735638924023,0.99935055,5.1430947e-05,374908020,false_positive
1378.594397227523,0.9982501,5.1430947e-05,374908020,false_positive
1378.656897231096,1.0000857,5.1430947e-05,374908020,false_positive
1378.6777305650244,1.0001124,5.1430947e-05,374908020,false_positive
1378.6985638986498,1.0001868,5.1430947e-05,374908020,false_positive
1378.7193972319606,1.0001633,5.1430947e-05,374908020,false_positive
1378.7402305649748,1.000174,5.1430947e-05,374908020,false_positive
1378.7610638976803,1.0002413,5.1430947e-05,374908020,false_positive
1378.7818972300654,1.000238,5.1430947e-05,374908020,false_positive
1378.8027305621474,1.000248,5.1430947e-05,374908020,false_positive
1378.8235638939154,1.0003018,5.1430947e-05,374908020,false_positive
1378.8443972253665,1.0002798,5.1430947e-05,374908020,false_positive
1378.8652305564885,1.0002952,5.1430947e-05,374908020,false_positive
1378.8860638872998,1.0003331,5.1430947e-05,374908020,false_positive
1378.906897217788,1.000342,5.1430947e-05,374908020,false_positive
1378.9277305479413,1.0003968,5.1430947e-05,374908020,false_positive
1378.9485638777765,1.0003823,5.1430947e-05,374908020,false_positive
1378.969397207283,1.0004117,5.1430947e-05,374908020,false_positive
1378.990230536457,1.0004205,5.1430947e-05,374908020,false_positive
1379.0110638652877,1.0004941,5.1430947e-05,374908020,false_positive
1379.0318971937916,1.000415,5.1430947e-05,374908020,false_positive
1379.052730521957,1.0003294,5.1430947e-05,374908020,false_positive
1379.0735638497713,1.0003226,5.1430947e-05,374908020,false_positive
1379.0943971772526,1.0003281,5.1430947e-05,374908020,false_positive
1379.1152305043881,1.0003614,5.1430947e-05,374908020,false_positive
1379.1360638311655,1.0003151,5.1430947e-05,374908020,false_positive
1379.1568971576023,1.0001836,5.1430947e-05,374908020,false_positive
1379.1777304836862,1.0002675,5.1430947e-05,374908020,false_positive
1379.1985638094145,1.0002384,5.1430947e-05,374908020,false_positive
1379.219397134775,1.0002625,5.1430947e-05,374908020,false_positive
1379.2402304597845,1.0001916,5.1430947e-05,374908020,false_positive
1379.2610637844311,1.0001308,5.1430947e-05,374908020,false_positive
1379.281897108712,1.0001497,5.1430947e-05,374908020,false_positive
1379.3027304326142,1.0002558,5.1430947e-05,374908020,false_positive
1379.323563756156,1.0001445,5.1430947e-05,374908020,false_positive
1379.344397079324,1.0000824,5.1430947e-05,374908020,false_positive
1379.3652304021048,0.9997431,5.1430947e-05,374908020,false_positive
1379.3860637245052,1.0003211,5.1430947e-05,374908020,false_positive
1379.4068970465244,1.0001582,5.1430947e-05,374908020,false_positive
1379.4277303681592,1.0000752,5.1430947e-05,374908020,false_positive
1379.4485636894158,1.0001413,5.1430947e-05,374908020,false_positive
1379.4693970102824,1.0001398,5.1430947e-05,374908020,false_positive
1379.4902303307547,1.0009197,5.1430947e-05,374908020,false_positive
1379.5110636508214,1.0009139,5.1430947e-05,374908020,false_positive
1379.531896970498,1.0010331,5.1430947e-05,374908020,false_positive
1379.5527302897729,1.0010167,5.1430947e-05,374908020,false_positive
1379.5735636086317,1.000986,5.1430947e-05,374908020,false_positive
1379.5943969270925,1.0011232,5.1430947e-05,374908020,false_positive
1379.615230245142,1.0009092,5.1430947e-05,374908020,false_positive
1379.636063562776,1.0013055,5.1430947e-05,374908020,false_positive
1379.6568968799825,1.0008671,5.1430947e-05,374908020,false_positive
1379.677730196778,1.0008358,5.1430947e-05,374908020,false_positive
1379.6985635131489,1.0006819,5.1430947e-05,374908020,false_positive
1379.7193968290826,1.0003526,5.1430947e-05,374908020,false_positive
1379.740230144596,1.0011417,5.1430947e-05,374908020,false_positive
1379.7610634596742,1.0009484,5.1430947e-05,374908020,false_positive
1379.781896774316,1.00092,5.1430947e-05,374908020,false_positive
1379.8027300885065,1.0008993,5.1430947e-05,374908020,false_positive
1379.8235634022628,1.0011371,5.1430947e-05,374908020,false_positive
1379.8443967155715,1.0011554,5.1430947e-05,374908020,false_positive
1379.8652300284293,1.0014344,5.1430947e-05,374908020,false_positive
1379.8860633408228,1.0013477,5.1430947e-05,374908020,false_positive
1379.9068966527677,1.0006849,5.1430947e-05,374908020,false_positive
1379.927729964252,1.0007347,5.1430947e-05,374908020,false_positive
1379.948563275261,1.0015705,5.1430947e-05,374908020,false_positive
1379.969396585811,1.0016699,5.1430947e-05,374908020,false_positive
1379.9902298958891,1.0011333,5.1430947e-05,374908020,false_positive
1380.0110632054814,1.0018134,5.1430947e-05,374908020,false_positive
1380.0318965146046,1.0017571,5.1430947e-05,374908020,false_positive
1380.0527298232444,1.0018829,5.1430947e-05,374908020,false_positive
1380.0735631313878,1.0012459,5.1430947e-05,374908020,false_positive
1380.0943964390513,1.0017637,5.1430947e-05,374908020,false_positive
1380.1152297462206,1.0018107,5.1430947e-05,374908020,false_positive
1380.1360630528923,1.0018088,5.1430947e-05,374908020,false_positive
1380.1568963590628,1.0012115,5.1430947e-05,374908020,false_positive
1380.1777296647183,1.0017698,5.1430947e-05,374908020,false_positive
1380.1985629698754,1.0014896,5.1430947e-05,374908020,false_positive
1380.2193962745202,1.0014745,5.1430947e-05,374908020,false_positive
1380.2402295786399,1.0015037,5.1430947e-05,374908020,false_positive
1380.2610628822492,1.0007435,5.1430947e-05,374908020,false_positive
1380.281896185336,1.0008197,5.1430947e-05,374908020,false_positive
1380.3027294878962,1.0010543,5.1430947e-05,374908020,false_positive
1380.3235627899164,1.0010957,5.1430947e-05,374908020,false_positive
1380.3443960914126,1.0011823,5.1430947e-05,374908020,false_positive
1380.3652293923722,1.000912,5.1430947e-05,374908020,false_positive
1380.3860626927908,1.0009238,5.1430947e-05,374908020,false_positive
1380.406895992656,1.0007167,5.1430947e-05,374908020,false_positive
1380.4277292919842,1.0005481,5.1430947e-05,374908020,false_positive
1380.4485625907614,1.0002196,5.1430947e-05,374908020,false_positive
1380.4693958889757,1.0009089,5.1430947e-05,374908020,false_positive
1380.4902291866435,1.0009766,5.1430947e-05,374908020,false_positive
1380.5110624837516,1.0002451,5.1430947e-05,374908020,false_positive
1380.5318957802879,1.0008129,5.1430947e-05,374908020,false_positive
1380.5527290762686,1.0010018,5.1430947e-05,374908020,false_positive
1380.5735623716826,1.0009472,5.1430947e-05,374908020,false_positive
1380.594395666526,1.0012316,5.1430947e-05,374908020,false_positive
1380.6152289607978,1.0010844,5.1430947e-05,374908020,false_positive
1380.636062254485,1.0010905,5.1430947e-05,374908020,false_positive
1380.6568955476066,1.0010829,5.1430947e-05,374908020,false_positive
1380.6777288401504,1.000604,5.1430947e-05,374908020,false_positive
1380.6985621321048,1.0004762,5.1430947e-05,374908020,false_positive
1380.719395423489,1.0005326,5.1430947e-05,374908020,false_positive
1380.7402287142922,1.0002319,5.1430947e-05,374908020,false_positive
1380.761062004504,1.0003821,5.1430947e-05,374908020,false_positive
1380.7818952941436,0.99987024,5.1430947e-05,374908020,false_positive
1380.8027285832015,1.0002717,5.1430947e-05,374908020,false_positive
1380.823561871678,1.000139,5.1430947e-05,374908020,false_positive
1380.8443951595646,0.99969584,5.1430947e-05,374908020,false_positive
1380.8652284468812,0.99991834,5.1430947e-05,374908020,false_positive
1380.8860617336213,1.0002534,5.1430947e-05,374908020,false_positive
1380.9068950197861,0.9999111,5.1430947e-05,374908020,false_positive
1380.9277283053693,1.0002825,5.1430947e-05,374908020,false_positive
1380.9485615903936,0.9999989,5.1430947e-05,374908020,false_positive
1380.9693948748538,0.9998103,5.1430947e-05,374908020,false_positive
1380.9902281587442,0.99978656,5.1430947e-05,374908020,false_positive
1381.0110614420907,0.99963695,5.1430947e-05,374908020,false_positive
1381.0318947248898,0.9997505,5.1430947e-05,374908020,false_positive
1381.0527280071474,0.9996293,5.1430947e-05,374908020,false_positive
1381.0735612888627,0.99958676,5.1430947e-05,374908020,false_positive
1381.0943945700644,0.9992821,5.1430947e-05,374908020,false_positive
1381.1568944106216,0.99970907,5.1430947e-05,374908020,false_positive
1381.1777276898388,0.9996013,5.1430947e-05,374908020,false_positive
1381.1985609685928,0.99959576,5.1430947e-05,374908020,false_positive
1381.2193942469007,0.99951524,5.1430947e-05,374908020,false_positive
1381.2402275247687,0.9993991,5.1430947e-05,374908020,false_positive
1381.261060802236,0.99940294,5.1430947e-05,374908020,false_positive
1381.281894079313,0.9994167,5.1430947e-05,374908020,false_positive
1381.302727356021,0.9993427,5.1430947e-05,374908020,false_positive
1381.3235606323744,0.9991785,5.1430947e-05,374908020,false_positive
1381.3443939084186,0.9992276,5.1430947e-05,374908020,false_positive
1381.3652271841706,0.99920434,5.1430947e-05,374908020,false_positive
1381.3860604596498,0.9991107,5.1430947e-05,374908020,false_positive
1381.4068937349066,0.999126,5.1430947e-05,374908020,false_positive
1381.427727009965,0.99895823,5.1430947e-05,374908020,false_positive
1381.44856028486,0.9990697,5.1430947e-05,374908020,false_positive
1381.4693935596185,0.9989234,5.1430947e-05,374908020,false_positive
1381.4902268343005,0.99883544,5.1430947e-05,374908020,false_positive
